{"accuracy": 0.7467532467532467, "f1": 0.7031875463306153, "class_0_precison": 0.8285714285714286, "class_0_recall": 0.8055555555555556, "class_1_precison": 0.5714285714285714, "class_1_recall": 0.6086956521739131, "roc": 0.7, "cm": [[87, 21], [18, 28]]}