{"accuracy": 0.7532467532467533, "f1": 0.7124606918238994, "class_0_precison": 0.8285714285714286, "class_0_recall": 0.8130841121495327, "class_1_precison": 0.5918367346938775, "class_1_recall": 0.6170212765957447, "roc": 0.7102040816326529, "cm": [[87, 20], [18, 29]]}