{"accuracy": 0.7662337662337663, "f1": 0.7210144927536233, "class_0_precison": 0.8571428571428571, "class_0_recall": 0.8108108108108109, "class_0_f1": 0.8333333333333334, "class_1_precison": 0.5714285714285714, "class_1_recall": 0.6511627906976745, "class_1_f1": 0.6086956521739131, "roc": 0.7142857142857144, "tp": 28, "fp": 21, "fn": 15, "tn": 90, "cm": [[90, 21], [15, 28]]}